session_id	ts	to	head
0801b1bc-b119-451d-97c3-9082495ec5d5	2026-05-07T13:52:28.427Z	team-lead	**noise-free-long-lag — DONE, committed locally, NOT pushed.**  Branch: `wave-6-local/noise-free-long-lag` (1 commit ahead of `origin/main`) Worktree: `wave-6/noise-free-long-lag/noise-free-long-lag/`
0801b1bc-b119-451d-97c3-9082495ec5d5	2026-05-07T14:34:29.912Z	team-lead	"{""type"": ""shutdown_response"", ""request_id"": ""shutdown-1778164461416@noise-free-long-lag-builder"", ""approve"": true}"
0fe30f29-619b-48d5-b48d-b06f704a9fe3	2026-05-07T12:38:18.205Z	team-lead	**chunker-very-deep-1200: DONE (local).**  Branch: `wave-4-local/chunker-very-deep-1200` @ `2b2027f` — 1 commit ahead of `origin/main`. Not pushed.  ## Headline Effective BPTT depth **1199 (raw) → 4 (
0fe30f29-619b-48d5-b48d-b06f704a9fe3	2026-05-07T12:50:03.520Z	team-lead	"{""type"": ""shutdown_response"", ""request_id"": ""shutdown-1778158197904@chunker-very-deep-1200-builder"", ""approve"": true}"
141d84f5-89b1-45e9-9d2b-0d1d61060591	2026-05-07T13:27:42.983Z	team-lead	**embedded-reber: DONE, local commit only (NOT PUSHED).**  **Branch:** `wave-6-local/embedded-reber` @ `b00aa99` (1 commit ahead of `origin/main`). **Worktree:** `/Users/yadkonrad/dev_dev/year26/may26
141d84f5-89b1-45e9-9d2b-0d1d61060591	2026-05-07T14:34:29.601Z	team-lead	"{""type"": ""shutdown_response"", ""request_id"": ""shutdown-1778164461386@embedded-reber-builder"", ""approve"": true}"
1519396b-0526-44fe-aaa9-ac3ff17775b4	2026-05-07T03:34:50.855Z	team-lead	**hq-learning-pomdp — DONE (local commit on wave-3-local/hq-learning-pomdp, NOT pushed)**  Commit: a74b182  ## Files (11) - `hq_learning_pomdp.py` — 840 lines: POMMaze env, HQAgent (M sub-agents, Q + 
1519396b-0526-44fe-aaa9-ac3ff17775b4	2026-05-07T12:17:53.780Z	team-lead	"{""type"": ""shutdown_response"", ""request_id"": ""shutdown-1778156264759@hq-learning-pomdp-builder"", ""approve"": true}"
1837bef0-3795-4087-8ac5-22d34a714f12	2026-05-02T20:09:36.594Z	team-lead	tae-builder reporting in. `impl/transforming-autoencoders` is implemented, committed, and pushed. PR not opened (per wave-7 workflow).  ## Metrics (seed 0, 30 epochs, 30 capsules) - **R²(dx)** = 0.782
1837bef0-3795-4087-8ac5-22d34a714f12	2026-05-02T20:17:38.725Z	team-lead	"{""type"": ""shutdown_response"", ""request_id"": ""shutdown-1777753055311@tae-builder"", ""approve"": true}"
19f9d639-51a4-43b2-b618-8808aa3baaab	2026-05-07T13:36:18.671Z	team-lead	**adding-problem: DONE, committed locally (NOT pushed)**  Branch: `wave-6-local/adding-problem` @ commit `84ecb0c` Worktree: `/Users/yadkonrad/dev_dev/year26/may26/schmidhuber-problems-waves/wave-6/ad
19f9d639-51a4-43b2-b618-8808aa3baaab	2026-05-07T14:34:27.483Z	team-lead	"{""type"": ""shutdown_response"", ""request_id"": ""shutdown-1778164461365@adding-problem-builder"", ""approve"": true}"
2273d390-1331-4803-bb18-24181781b794	2026-05-07T14:46:52.435Z	team-lead	temporal-order-4bit complete on `wave-7-local/temporal-order-4bit` (LOCAL ONLY, not pushed).  **Commit:** `a30a2f2` — 14 files, +1343 / -24  **Results (seed 0, headline):** - LSTM final 99.0% (507/512
2273d390-1331-4803-bb18-24181781b794	2026-05-07T15:29:10.278Z	team-lead	"{""type"": ""shutdown_response"", ""request_id"": ""shutdown-1778167745568@temporal-order-4bit-builder"", ""approve"": true}"
2c2da8f3-afb2-4a3f-82f7-d0767b765497	2026-05-07T13:02:55.360Z	team-lead	**lococode-ica: DONE, committed locally, NOT pushed.**  Branch: `wave-5-local/lococode-ica` @ `c8dddba` (1 commit ahead of `origin/main`).  ## Headline (seed 0, k=8, n=2000, 200 epochs)  | Method | Am
2c2da8f3-afb2-4a3f-82f7-d0767b765497	2026-05-07T13:16:33.159Z	team-lead	"{""type"": ""shutdown_response"", ""request_id"": ""shutdown-1778159785031@lococode-ica-builder"", ""approve"": true}"
2dce05c9-3efd-4888-b910-d2f67314b938	2026-05-07T02:12:16.932Z	team-lead	nbb-moving-light implemented and committed locally on `wave-2-local/nbb-moving-light` (commit 7d940fc). Did NOT push, per new branch protocol.  **Files** (all under `nbb-moving-light/`): - `nbb_moving
2dce05c9-3efd-4888-b910-d2f67314b938	2026-05-07T02:34:28.288Z	team-lead	"{""type"": ""shutdown_response"", ""request_id"": ""shutdown-1778121263919@nbb-moving-light-builder"", ""approve"": true}"
2f80eb77-e970-4a58-8a93-cf31a87bc878	2026-05-08T14:28:51.289Z	team-lead	torcs-vision-evolution done on branch `wave-11-local/torcs-vision-evolution` (commit 4665c7c, NOT pushed).  **Method.** Numpy oval-with-curvature track (sin-2t modulation prevents constant-action solu
2f80eb77-e970-4a58-8a93-cf31a87bc878	2026-05-08T14:49:51.208Z	team-lead	"{""type"": ""shutdown_response"", ""request_id"": ""shutdown-1778251783228@torcs-vision-evolution-builder"", ""approve"": true}"
320850c3-738f-4807-ad18-54a2d1d75cc7	2026-05-08T14:10:32.914Z	team-lead	"**em-segmentation-isbi: complete** on `wave-11-local/em-segmentation-isbi` (commit 5e83af6, NOT pushed).  ## Approach (per the user's ""v1 numpy-only / synthetic-data"" override) Substituted the ISBI 20"
320850c3-738f-4807-ad18-54a2d1d75cc7	2026-05-08T14:49:46.560Z	team-lead	"{""type"": ""shutdown_response"", ""request_id"": ""shutdown-1778251783175@em-segmentation-isbi-builder"", ""approve"": true}"
374eadff-a234-439f-a03e-dac0c346b38a	2026-05-07T18:04:21.321Z	team-lead	**neural-data-router DONE** on `wave-10-local/neural-data-router`. Committed locally (commit `124b0cd`), NOT pushed.  **Headline reproduced (partial, in the right direction).** Pure-numpy Transformer 
374eadff-a234-439f-a03e-dac0c346b38a	2026-05-07T18:08:16.356Z	team-lead	"{""type"": ""shutdown_response"", ""request_id"": ""shutdown-1778177292483@neural-data-router-builder"", ""approve"": true}"
3a822b83-20dd-4cab-8bfb-84c7df488531	2026-05-03T04:00:57.284Z	team-lead	deep-lambertian-spheres done. Branch `impl/deep-lambertian-spheres` pushed. **Did NOT open PR** per wave-9 protocol.  **Headline metrics (held-out, 64 spheres, seed 0):** - Normal angular error: **27.
3a822b83-20dd-4cab-8bfb-84c7df488531	2026-05-03T04:21:15.306Z	team-lead	"{""type"": ""shutdown_response"", ""request_id"": ""shutdown-1777782070685@lambertian-builder"", ""approve"": true}"
3b66c667-dcff-4e12-aecb-946c99fa110f	2026-05-02T14:02:22.530Z	team-lead	Shifter implementation complete. PR: https://github.com/cybertronai/hinton-problems/pull/26 (Closes #21).  **v1 metrics** - Paper reports 50-89% across V1 activity. We got: 58-99% across V1-activity b
3b66c667-dcff-4e12-aecb-946c99fa110f	2026-05-02T14:46:09.183Z	team-lead	"{""type"": ""shutdown_response"", ""request_id"": ""shutdown-1777733160567@shifter-builder"", ""approve"": true}"
42145229-4c65-40cc-a78e-1ad51d7915a1	2026-05-07T15:17:00.770Z	team-lead	**timing-counting-spikes — DONE, committed locally, NOT pushed.**  Branch: `wave-7-local/timing-counting-spikes`, commit `bc92309`. Per protocol, did not push.  **What it implements** Pure-numpy LSTM 
42145229-4c65-40cc-a78e-1ad51d7915a1	2026-05-07T15:29:09.004Z	team-lead	"{""type"": ""shutdown_response"", ""request_id"": ""shutdown-1778167745612@timing-counting-spikes-builder"", ""approve"": true}"
424bd512-c53e-48e9-90c0-7ad8b87224d4	2026-05-07T14:53:16.087Z	team-lead	**continual-embedded-reber: DONE, committed locally on wave-7-local/continual-embedded-reber (NOT pushed).**  ## Headline contrast (the whole point of Gers et al. 2000)  Same continual Reber stream, s
424bd512-c53e-48e9-90c0-7ad8b87224d4	2026-05-07T15:29:09.085Z	team-lead	"{""type"": ""shutdown_response"", ""request_id"": ""shutdown-1778167745590@continual-embedded-reber-builder"", ""approve"": true}"
45a5f117-ef3b-49cc-ab15-a1feb19e92fc	2026-05-07T00:51:41.339Z	team-lead	rs-tomita complete. Branch `impl/rs-tomita` pushed to origin.  **Files in rs-tomita/:** - `rs_tomita.py` (470 lines) — grammars, dataset, RNN forward, RS loop, CLI - `visualize_rs_tomita.py` — search 
45a5f117-ef3b-49cc-ab15-a1feb19e92fc	2026-05-07T01:29:15.636Z	team-lead	"{""type"": ""shutdown_response"", ""request_id"": ""shutdown-1778117345689@rs-tomita-builder"", ""approve"": true}"
4ab9e409-1cf6-4fce-9e33-ff7eb584723c	2026-05-07T15:53:49.635Z	team-lead	## evolino-sines-mackey-glass — DONE (commit 8b466b1, local only, NOT pushed)  **Branch:** `wave-8-local/evolino-sines-mackey-glass` at the worktree path you specified.  ### What was built - `evolino_
4ab9e409-1cf6-4fce-9e33-ff7eb584723c	2026-05-07T16:58:00.018Z	team-lead	"{""type"": ""shutdown_response"", ""request_id"": ""shutdown-1778173072540@evolino-sines-mackey-glass-builder"", ""approve"": true}"
50ff8a82-aed5-4a01-a003-25df6739ba79	2026-05-02T06:03:14.498Z	team-lead	XOR stub implemented and PR opened.  **PR**: https://github.com/cybertronai/hinton-problems/pull/3 (`impl: xor`, closes #2)  **v1 metrics:** - **Reproduces: yes** (qualitatively). Paper reports ~558 e
50ff8a82-aed5-4a01-a003-25df6739ba79	2026-05-02T06:03:39.829Z	team-lead	Already done — see my prior message. Task #1 is completed and PR #3 is open: https://github.com/cybertronai/hinton-problems/pull/3  Recap: - Reproduces: yes (qualitatively). Paper ~558 epochs → we got
50ff8a82-aed5-4a01-a003-25df6739ba79	2026-05-02T06:06:31.139Z	team-lead	"{""type"": ""shutdown_response"", ""request_id"": ""shutdown-1777701987833@xor-builder"", ""approve"": true}"
5125133a-cfd5-40a3-b60d-0369326e307a	2026-05-07T12:32:00.490Z	team-lead	**fast-weights-unknown-delay: DONE** — committed locally as `f9ab8d3` on `wave-4-local/fast-weights-unknown-delay`. NOT pushed.  ## Status - Reproduces: **YES**. 100.00% bit-accuracy at recall, K=5..3
5125133a-cfd5-40a3-b60d-0369326e307a	2026-05-07T12:50:02.496Z	team-lead	"{""type"": ""shutdown_response"", ""request_id"": ""shutdown-1778158197911@fast-weights-unknown-delay-builder"", ""approve"": true}"
5c463138-15f7-4e77-b435-810c8a2fa363	2026-05-08T14:11:08.770Z	team-lead	**lstm-search-space-odyssey — DONE on `wave-11-local/lstm-search-space-odyssey` (LOCAL, not pushed)**  Worktree: `/Users/yadkonrad/dev_dev/year26/may26/schmidhuber-problems-waves/wave-11/lstm-search-s
5c463138-15f7-4e77-b435-810c8a2fa363	2026-05-08T14:49:50.091Z	team-lead	"{""type"": ""shutdown_response"", ""request_id"": ""shutdown-1778251783189@lstm-search-space-odyssey-builder"", ""approve"": true}"
5ea6d961-6310-4dc7-a96e-9270224934ad	2026-05-02T16:30:45.252Z	team-lead	fast-weights-associative-retrieval impl complete. Branch pushed: impl/fast-weights-associative-retrieval (commit 0cf61f4). NO PR opened, NO issue closed.  **Headline:** Architecture verified correct (
5ea6d961-6310-4dc7-a96e-9270224934ad	2026-05-02T16:34:04.297Z	team-lead	"{""type"": ""shutdown_response"", ""request_id"": ""shutdown-1777739636201@fwar-builder"", ""approve"": true}"
5ed446eb-8a32-4818-9e7e-07193316693e	2026-05-08T14:14:27.636Z	team-lead	## clockwork-rnn — completion summary  **Branch:** `wave-11-local/clockwork-rnn`, commit `e79660b`. **NOT pushed.**  ### Files (in `clockwork-rnn/clockwork-rnn/`)  | File | Size | |---|---| | `clockwo
5ed446eb-8a32-4818-9e7e-07193316693e	2026-05-08T14:49:53.730Z	team-lead	"{""type"": ""shutdown_response"", ""request_id"": ""shutdown-1778251783196@clockwork-rnn-builder"", ""approve"": true}"
623b7ac2-4a80-4978-814e-dff11a0b8407	2026-05-07T00:40:40.571Z	team-lead	rs-two-sequence done. Branch `impl/rs-two-sequence` pushed (commit b950bb7).  ✅ **Files produced** (in `rs-two-sequence/`) - `rs_two_sequence.py` — 284 lines (model + RS loop + CLI) - `visualize_rs_tw
623b7ac2-4a80-4978-814e-dff11a0b8407	2026-05-07T01:29:13.302Z	team-lead	"{""type"": ""shutdown_response"", ""request_id"": ""shutdown-1778117345660@rs-two-sequence-builder"", ""approve"": true}"
63285119-154e-42ab-9555-7a42471b0309	2026-05-07T00:18:49.450Z	nbb-xor-builder	"{""type"": ""shutdown_request"", ""reason"": ""Wave 0 complete. PR #2 opened with audit. Thank you \u2014 solid work. Shutting down to free context for wave 1.""}"
63285119-154e-42ab-9555-7a42471b0309	2026-05-07T01:29:01.468Z	rs-two-sequence-builder	"{""type"": ""shutdown_request"", ""reason"": ""Wave 1 PR #4 opened. Audit clean. Thank you \u2014 solid work.""}"
63285119-154e-42ab-9555-7a42471b0309	2026-05-07T01:29:02.279Z	rs-parity-builder	"{""type"": ""shutdown_request"", ""reason"": ""Wave 1 PR #4 opened. Audit clean. Thank you \u2014 solid work.""}"
63285119-154e-42ab-9555-7a42471b0309	2026-05-07T01:29:03.043Z	rs-tomita-builder	"{""type"": ""shutdown_request"", ""reason"": ""Wave 1 PR #4 opened. Audit clean. Thank you \u2014 solid work.""}"
63285119-154e-42ab-9555-7a42471b0309	2026-05-07T01:29:04.302Z	levin-count-inputs-builder	"{""type"": ""shutdown_request"", ""reason"": ""Wave 1 PR #4 opened. Audit verdict on framing question: KEEP as-is. Thank you \u2014 solid work.""}"
63285119-154e-42ab-9555-7a42471b0309	2026-05-07T01:29:05.135Z	levin-add-positions-builder	"{""type"": ""shutdown_request"", ""reason"": ""Wave 1 PR #4 opened. Audit clean. Thank you \u2014 solid work.""}"
63285119-154e-42ab-9555-7a42471b0309	2026-05-07T01:29:05.533Z	oops-towers-of-hanoi-builder	"{""type"": ""shutdown_request"", ""reason"": ""Wave 1 PR #4 opened. Audit clean. Thank you \u2014 solid work.""}"
63285119-154e-42ab-9555-7a42471b0309	2026-05-07T02:33:44.263Z	nbb-moving-light-builder	"{""type"": ""shutdown_request"", ""reason"": ""Wave 2 PR #6 opened. Audit clean. Thank you.""}"
63285119-154e-42ab-9555-7a42471b0309	2026-05-07T02:33:45.785Z	flip-flop-builder	"{""type"": ""shutdown_request"", ""reason"": ""Wave 2 PR #6 opened. Audit clean. Thank you.""}"
63285119-154e-42ab-9555-7a42471b0309	2026-05-07T02:33:47.004Z	pole-balance-non-markov-builder	"{""type"": ""shutdown_request"", ""reason"": ""Wave 2 PR #6 opened. Audit clean. Thank you.""}"
63285119-154e-42ab-9555-7a42471b0309	2026-05-07T02:33:48.457Z	pole-balance-markov-vac-builder	"{""type"": ""shutdown_request"", ""reason"": ""Wave 2 PR #6 opened. Audit clean. Thank you.""}"
63285119-154e-42ab-9555-7a42471b0309	2026-05-07T02:33:49.984Z	saccadic-target-detection-builder	"{""type"": ""shutdown_request"", ""reason"": ""Wave 2 PR #6 opened. Audit clean. Thank you.""}"
63285119-154e-42ab-9555-7a42471b0309	2026-05-07T03:09:08.458Z	curiosity-three-regions-builder	Looks like you committed locally (commit 1f1cbcb on wave-3-local/curiosity-three-regions) and went idle without sending a summary. Per the wave-3 protocol, please send your summary now: file list, pap
63285119-154e-42ab-9555-7a42471b0309	2026-05-07T03:09:12.629Z	curiosity-three-regions-builder	Looks like you committed locally (commit 1f1cbcb on wave-3-local/curiosity-three-regions) and went idle without sending a summary. Per the wave-3 protocol, please send your summary now: file list, pap
63285119-154e-42ab-9555-7a42471b0309	2026-05-07T03:16:03.734Z	ssa-bias-transfer-mazes-builder	"You committed locally (commit 15f709e on wave-3-local/ssa-bias-transfer-mazes) and went idle without a summary. Please send your summary now: file list, paper-claim-vs-achieved (""Paper reports X; we g"
63285119-154e-42ab-9555-7a42471b0309	2026-05-07T03:41:36.055Z	pomdp-flag-maze-builder	"You committed locally (commit 634a92e on wave-3-local/pomdp-flag-maze) and went idle without a summary. Please send your summary now: file list, paper-claim-vs-achieved (""Paper reports X; we got Y. Re"
63285119-154e-42ab-9555-7a42471b0309	2026-05-07T12:17:26.073Z	curiosity-three-regions-builder	"{""type"": ""shutdown_request"", ""reason"": ""Wave 3 PR #7 opened. Audit clean. Thank you.""}"
63285119-154e-42ab-9555-7a42471b0309	2026-05-07T12:17:27.596Z	subgoal-obstacle-avoidance-builder	"{""type"": ""shutdown_request"", ""reason"": ""Wave 3 PR #7 opened. Audit clean. Thank you.""}"
63285119-154e-42ab-9555-7a42471b0309	2026-05-07T12:17:29.155Z	pomdp-flag-maze-builder	"{""type"": ""shutdown_request"", ""reason"": ""Wave 3 PR #7 opened. Audit approved. Thank you.""}"
63285119-154e-42ab-9555-7a42471b0309	2026-05-07T12:17:31.418Z	ssa-bias-transfer-mazes-builder	"{""type"": ""shutdown_request"", ""reason"": ""Wave 3 PR #7 opened. Audit clean. Thank you.""}"
63285119-154e-42ab-9555-7a42471b0309	2026-05-07T12:17:32.698Z	hq-learning-pomdp-builder	"{""type"": ""shutdown_request"", ""reason"": ""Wave 3 PR #7 opened. Audit clean. Thank you.""}"
63285119-154e-42ab-9555-7a42471b0309	2026-05-07T12:49:44.154Z	chunker-22-symbol-builder	"{""type"": ""shutdown_request"", ""reason"": ""Wave 4 PR #8 opened. Audit clean. Thank you.""}"
63285119-154e-42ab-9555-7a42471b0309	2026-05-07T12:49:46.036Z	chunker-very-deep-1200-builder	"{""type"": ""shutdown_request"", ""reason"": ""Wave 4 PR #8 opened. Audit clean. Thank you.""}"
63285119-154e-42ab-9555-7a42471b0309	2026-05-07T12:49:47.587Z	fast-weights-unknown-delay-builder	"{""type"": ""shutdown_request"", ""reason"": ""Wave 4 PR #8 opened. Audit clean. Thank you.""}"
63285119-154e-42ab-9555-7a42471b0309	2026-05-07T12:49:49.118Z	fast-weights-key-value-builder	"{""type"": ""shutdown_request"", ""reason"": ""Wave 4 PR #8 opened. Audit clean. Thank you.""}"
63285119-154e-42ab-9555-7a42471b0309	2026-05-07T12:49:50.692Z	self-referential-weight-matrix-builder	"{""type"": ""shutdown_request"", ""reason"": ""Wave 4 PR #8 opened. Audit clean. Thank you.""}"
63285119-154e-42ab-9555-7a42471b0309	2026-05-07T13:16:12.317Z	predictability-min-binary-factors-builder	"{""type"": ""shutdown_request"", ""reason"": ""Wave 5 PR #9 opened. Audit clean. Thank you.""}"
63285119-154e-42ab-9555-7a42471b0309	2026-05-07T13:16:13.820Z	predictable-stereo-builder	"{""type"": ""shutdown_request"", ""reason"": ""Wave 5 PR #9 opened. Audit clean. Thank you.""}"
63285119-154e-42ab-9555-7a42471b0309	2026-05-07T13:16:15.384Z	semilinear-pm-image-patches-builder	"{""type"": ""shutdown_request"", ""reason"": ""Wave 5 PR #9 opened. Audit clean. Thank you.""}"
63285119-154e-42ab-9555-7a42471b0309	2026-05-07T13:16:16.960Z	lococode-ica-builder	"{""type"": ""shutdown_request"", ""reason"": ""Wave 5 PR #9 opened. Audit clean. Thank you.""}"
63285119-154e-42ab-9555-7a42471b0309	2026-05-07T14:34:06.036Z	adding-problem-builder	"{""type"": ""shutdown_request"", ""reason"": ""Wave 6 PR #10 opened. Audit clean.""}"
63285119-154e-42ab-9555-7a42471b0309	2026-05-07T14:34:07.552Z	embedded-reber-builder	"{""type"": ""shutdown_request"", ""reason"": ""Wave 6 PR #10 opened. Audit clean.""}"
63285119-154e-42ab-9555-7a42471b0309	2026-05-07T14:34:09.487Z	noise-free-long-lag-builder	"{""type"": ""shutdown_request"", ""reason"": ""Wave 6 PR #10 opened. Audit clean. Lead removed leftover problem.py in cleanup commit.""}"
63285119-154e-42ab-9555-7a42471b0309	2026-05-07T14:34:11.172Z	two-sequence-noise-builder	"{""type"": ""shutdown_request"", ""reason"": ""Wave 6 PR #10 opened. Audit clean.""}"
63285119-154e-42ab-9555-7a42471b0309	2026-05-07T14:34:12.546Z	multiplication-problem-builder	"{""type"": ""shutdown_request"", ""reason"": ""Wave 6 PR #10 opened. Audit clean.""}"
63285119-154e-42ab-9555-7a42471b0309	2026-05-07T14:34:14.271Z	temporal-order-3bit-builder	"{""type"": ""shutdown_request"", ""reason"": ""Wave 6 PR #10 opened. Audit clean.""}"
63285119-154e-42ab-9555-7a42471b0309	2026-05-07T15:28:49.806Z	temporal-order-4bit-builder	"{""type"": ""shutdown_request"", ""reason"": ""Wave 7 PR #11 opened. Audit clean.""}"
63285119-154e-42ab-9555-7a42471b0309	2026-05-07T15:28:51.391Z	continual-embedded-reber-builder	"{""type"": ""shutdown_request"", ""reason"": ""Wave 7 PR #11 opened. Audit clean.""}"
63285119-154e-42ab-9555-7a42471b0309	2026-05-07T15:28:53.069Z	anbn-anbncn-builder	"{""type"": ""shutdown_request"", ""reason"": ""Wave 7 PR #11 opened. Audit clean.""}"
63285119-154e-42ab-9555-7a42471b0309	2026-05-07T15:28:54.558Z	timing-counting-spikes-builder	"{""type"": ""shutdown_request"", ""reason"": ""Wave 7 PR #11 opened. Audit approved (honest partial reproduction documented).""}"
63285119-154e-42ab-9555-7a42471b0309	2026-05-07T15:28:56.632Z	blues-improvisation-builder	"{""type"": ""shutdown_request"", ""reason"": ""Wave 7 PR #11 opened. Audit clean. Lead removed leftover problem.py in cleanup commit.""}"
63285119-154e-42ab-9555-7a42471b0309	2026-05-07T16:57:40.755Z	pipe-symbolic-regression-builder	"{""type"": ""shutdown_request"", ""reason"": ""Wave 8 PR #12 opened. Audit clean.""}"
63285119-154e-42ab-9555-7a42471b0309	2026-05-07T16:57:42.278Z	pipe-6-bit-parity-builder	"{""type"": ""shutdown_request"", ""reason"": ""Wave 8 PR #12 opened. Audit clean.""}"
63285119-154e-42ab-9555-7a42471b0309	2026-05-07T16:57:43.927Z	evolino-sines-mackey-glass-builder	"{""type"": ""shutdown_request"", ""reason"": ""Wave 8 PR #12 opened. Audit clean.""}"
63285119-154e-42ab-9555-7a42471b0309	2026-05-07T16:57:45.530Z	double-pole-no-velocity-builder	"{""type"": ""shutdown_request"", ""reason"": ""Wave 8 PR #12 opened. Audit clean.""}"
63285119-154e-42ab-9555-7a42471b0309	2026-05-07T17:22:30.726Z	mnist-deep-mlp-builder	"{""type"": ""shutdown_request"", ""reason"": ""Wave 9 PR #13 opened. Audit clean.""}"
63285119-154e-42ab-9555-7a42471b0309	2026-05-07T17:22:32.242Z	mcdnn-image-bench-builder	"{""type"": ""shutdown_request"", ""reason"": ""Wave 9 PR #13 opened. Audit clean.""}"
63285119-154e-42ab-9555-7a42471b0309	2026-05-07T17:22:33.776Z	compete-to-compute-builder	"{""type"": ""shutdown_request"", ""reason"": ""Wave 9 PR #13 opened. Audit clean.""}"
63285119-154e-42ab-9555-7a42471b0309	2026-05-07T17:22:34.955Z	highway-networks-builder	"{""type"": ""shutdown_request"", ""reason"": ""Wave 9 PR #13 opened. Audit clean.""}"
63285119-154e-42ab-9555-7a42471b0309	2026-05-07T17:47:44.703Z	relational-nem-bouncing-balls-builder	You committed locally on wave-10-local/relational-nem-bouncing-balls (1 commit ahead, all files present) and went idle without a summary. Please send your summary now: file list, paper-claim-vs-achiev
63285119-154e-42ab-9555-7a42471b0309	2026-05-07T18:08:02.234Z	neural-em-shapes-builder	"{""type"": ""shutdown_request"", ""reason"": ""Wave 10 PR #14 opened. v1 COMPLETE (50/50 stubs). Audit clean. Thank you.""}"
63285119-154e-42ab-9555-7a42471b0309	2026-05-07T18:08:04.514Z	relational-nem-bouncing-balls-builder	"{""type"": ""shutdown_request"", ""reason"": ""Wave 10 PR #14 opened. v1 COMPLETE. Lead extracted summary from your README. Thank you.""}"
63285119-154e-42ab-9555-7a42471b0309	2026-05-07T18:08:06.501Z	linear-transformers-fwp-builder	"{""type"": ""shutdown_request"", ""reason"": ""Wave 10 PR #14 opened. v1 COMPLETE. Equivalence-to-2.22e-16 was the cleanest result of the wave. Thank you.""}"
63285119-154e-42ab-9555-7a42471b0309	2026-05-07T18:08:08.748Z	neural-data-router-builder	"{""type"": ""shutdown_request"", ""reason"": ""Wave 10 PR #14 opened. v1 COMPLETE. Honest +1-depth gap is exactly what the SPEC asks for. Thank you.""}"
63285119-154e-42ab-9555-7a42471b0309	2026-05-07T18:08:10.623Z	upside-down-rl-builder	"{""type"": ""shutdown_request"", ""reason"": ""Wave 10 PR #14 opened. v1 COMPLETE. Numpy chain MDP per SPEC; 5/5 seeds reach optimum. Thank you.""}"
63285119-154e-42ab-9555-7a42471b0309	2026-05-08T14:13:45.894Z	clockwork-rnn-builder	"Please send your summary now: file list, paper-claim-vs-achieved (""Paper reports X; we got Y. Reproduces: yes/no.""), run wallclock, token budget estimate, deviations, open questions. Then shutdown."
63285119-154e-42ab-9555-7a42471b0309	2026-05-08T14:43:07.836Z	world-models-vizdoom-dream-builder	"Please send your summary now: file list, paper-claim-vs-achieved (""Paper reports X; we got Y. Reproduces: yes/no.""), run wallclock, token budget estimate, deviations, open questions. Then shutdown."
63285119-154e-42ab-9555-7a42471b0309	2026-05-08T14:49:29.788Z	timit-blstm-ctc-builder	"{""type"": ""shutdown_request"", ""reason"": ""Wave 11 PR #15 opened. v1+v1.5 = 58/58. Audit clean.""}"
63285119-154e-42ab-9555-7a42471b0309	2026-05-08T14:49:31.307Z	iam-handwriting-builder	"{""type"": ""shutdown_request"", ""reason"": ""Wave 11 PR #15 opened. v1+v1.5 = 58/58. Audit clean.""}"
63285119-154e-42ab-9555-7a42471b0309	2026-05-08T14:49:32.833Z	em-segmentation-isbi-builder	"{""type"": ""shutdown_request"", ""reason"": ""Wave 11 PR #15 opened. v1+v1.5 = 58/58. Audit clean.""}"
63285119-154e-42ab-9555-7a42471b0309	2026-05-08T14:49:34.741Z	lstm-search-space-odyssey-builder	"{""type"": ""shutdown_request"", ""reason"": ""Wave 11 PR #15 opened. v1+v1.5 = 58/58. Audit clean.""}"
63285119-154e-42ab-9555-7a42471b0309	2026-05-08T14:49:36.391Z	clockwork-rnn-builder	"{""type"": ""shutdown_request"", ""reason"": ""Wave 11 PR #15 opened. v1+v1.5 = 58/58. Audit clean.""}"
63285119-154e-42ab-9555-7a42471b0309	2026-05-08T14:49:37.786Z	world-models-carracing-builder	"{""type"": ""shutdown_request"", ""reason"": ""Wave 11 PR #15 opened. v1+v1.5 = 58/58. Audit clean.""}"
63285119-154e-42ab-9555-7a42471b0309	2026-05-08T14:49:39.771Z	world-models-vizdoom-dream-builder	"{""type"": ""shutdown_request"", ""reason"": ""Wave 11 PR #15 opened. v1+v1.5 = 58/58. Audit clean.""}"
63285119-154e-42ab-9555-7a42471b0309	2026-05-08T14:49:41.126Z	torcs-vision-evolution-builder	"{""type"": ""shutdown_request"", ""reason"": ""Wave 11 PR #15 opened. v1+v1.5 = 58/58. Audit clean.""}"
63285119-154e-42ab-9555-7a42471b0309	2026-05-08T15:21:25.723Z	oops-towers-of-hanoi-builder	"{""type"": ""shutdown_request"", ""reason"": ""v1+v1.5 complete. Repo at 58/58 stubs, 13 PRs open. Cleaning up team. Thank you.""}"
63285119-154e-42ab-9555-7a42471b0309	2026-05-08T15:21:27.692Z	curiosity-three-regions-builder	"{""type"": ""shutdown_request"", ""reason"": ""v1+v1.5 complete. Repo at 58/58 stubs, 13 PRs open. Cleaning up team. Thank you.""}"
63285119-154e-42ab-9555-7a42471b0309	2026-05-08T15:21:29.645Z	pomdp-flag-maze-builder	"{""type"": ""shutdown_request"", ""reason"": ""v1+v1.5 complete. Repo at 58/58 stubs, 13 PRs open. Cleaning up team. Thank you.""}"
63285119-154e-42ab-9555-7a42471b0309	2026-05-08T15:21:31.560Z	relational-nem-bouncing-balls-builder	"{""type"": ""shutdown_request"", ""reason"": ""v1+v1.5 complete. Repo at 58/58 stubs, 13 PRs open. Cleaning up team. Thank you.""}"
67591175-3231-4930-a8af-97cd26e0bc23	2026-05-08T14:34:52.725Z	team-lead	**timit-blstm-ctc** complete on `wave-11-local/timit-blstm-ctc` (commit 9e39b52, **NOT pushed**).  ## What was built Pure-numpy BLSTM + CTC on a **synthetic phoneme corpus** (K=6 phoneme classes, 8 me
67591175-3231-4930-a8af-97cd26e0bc23	2026-05-08T14:49:47.475Z	team-lead	"{""type"": ""shutdown_response"", ""request_id"": ""shutdown-1778251783140@timit-blstm-ctc-builder"", ""approve"": true}"
69fa0ea9-f6f4-4a34-af73-2177c003b380	2026-05-03T04:10:14.950Z	team-lead	affnist stub done. Branch `impl/affnist` pushed to origin. No PR opened (per wave-9 workflow).  **Headline numbers** (5 epochs / 5000 train, seed 0, synth affNIST n=2000): - CapsNet: translated-MNIST 
69fa0ea9-f6f4-4a34-af73-2177c003b380	2026-05-03T04:21:18.175Z	team-lead	"{""type"": ""shutdown_response"", ""request_id"": ""shutdown-1777782070729@affnist-builder"", ""approve"": true}"
6a1227f0-90b6-43c2-8fba-6fc047bb5729	2026-05-02T20:04:35.831Z	team-lead	ff-label-in-input done. Branch `impl/ff-label-in-input` pushed (commit 5073984). NO PR opened.  **Headline result**: 96.40% test accuracy / 3.60% error on full 10K MNIST test, 66s training, pure NumPy
6a1227f0-90b6-43c2-8fba-6fc047bb5729	2026-05-02T20:17:39.500Z	team-lead	"{""type"": ""shutdown_response"", ""request_id"": ""shutdown-1777753055300@ff-label-builder"", ""approve"": true}"
6d049ad4-1d37-4f50-b02e-12e1d65c77f1	2026-05-07T17:33:18.152Z	team-lead	**linear-transformers-fwp DONE** — local commit `d67e50c` on `wave-10-local/linear-transformers-fwp`. Not pushed.  ## Headline result Linear-attention `V^T(Kq)` and 1992-FWP `(V^T K)q` agree to **2.22
6d049ad4-1d37-4f50-b02e-12e1d65c77f1	2026-05-07T18:08:15.661Z	team-lead	"{""type"": ""shutdown_response"", ""request_id"": ""shutdown-1778177292476@linear-transformers-fwp-builder"", ""approve"": true}"
74dc871c-6c73-43a9-a89a-0fdb1a2d227e	2026-05-07T17:10:48.628Z	team-lead	**mnist-deep-mlp DONE** (committed locally, NOT pushed)  - Branch: `wave-9-local/mnist-deep-mlp` @ commit `9d1a6f9` - Worktree: `wave-9/mnist-deep-mlp/mnist-deep-mlp/`  **Headline:** MLP achieves **1.
74dc871c-6c73-43a9-a89a-0fdb1a2d227e	2026-05-07T17:22:51.017Z	team-lead	"{""type"": ""shutdown_response"", ""request_id"": ""shutdown-1778174563115@mnist-deep-mlp-builder"", ""approve"": true}"
775d384e-0e61-4515-a3b4-939a2d58f3c5	2026-05-07T12:33:20.689Z	team-lead	**self-referential-weight-matrix — DONE (local commit only, not pushed)**  Branch: `wave-4-local/self-referential-weight-matrix` @ c77b998  **Headline (seed 0):** query accuracy **0.996** (AND/OR/XOR/
775d384e-0e61-4515-a3b4-939a2d58f3c5	2026-05-07T12:50:05.857Z	team-lead	"{""type"": ""shutdown_response"", ""request_id"": ""shutdown-1778158197922@self-referential-weight-matrix-builder"", ""approve"": true}"
79a6e341-f9c0-4e59-8cf4-120bca365623	2026-05-07T00:34:29.770Z	team-lead	levin-add-positions stub done, branch `impl/levin-add-positions` pushed to origin (commit dc3f623). No PR opened.  **Files** (in `levin-add-positions/`): - `levin_add_positions.py` (DSL interpreter + 
79a6e341-f9c0-4e59-8cf4-120bca365623	2026-05-07T01:29:13.775Z	team-lead	"{""type"": ""shutdown_response"", ""request_id"": ""shutdown-1778117345733@levin-add-positions-builder"", ""approve"": true}"
7a40d04d-1d72-4a9a-9a5f-1e1397f8e92b	2026-05-07T15:55:56.110Z	team-lead	double-pole-no-velocity COMPLETE on `wave-8-local/double-pole-no-velocity` (2 commits, NOT pushed).  ## Headline **Co-evolved recurrent net (5 hidden, ~50 params) balances double cart-pole with hidden
7a40d04d-1d72-4a9a-9a5f-1e1397f8e92b	2026-05-07T16:58:07.704Z	team-lead	"{""type"": ""shutdown_response"", ""request_id"": ""shutdown-1778173072546@double-pole-no-velocity-builder"", ""approve"": true}"
7cab8c9b-67bc-4881-837f-2885198cad80	2026-05-07T03:17:56.473Z	team-lead	subgoal-obstacle-avoidance: DONE (LOCAL ONLY, NOT PUSHED)  **Branch**: `wave-3-local/subgoal-obstacle-avoidance` @ `708a47f` **Worktree**: `/Users/yadkonrad/dev_dev/year26/may26/schmidhuber-problems-w
7cab8c9b-67bc-4881-837f-2885198cad80	2026-05-07T12:17:56.063Z	team-lead	"{""type"": ""shutdown_response"", ""request_id"": ""shutdown-1778156264712@subgoal-obstacle-avoidance-builder"", ""approve"": true}"
877c121c-f5fd-4efe-9daf-08aa948c753f	2026-05-07T12:45:23.141Z	team-lead	## chunker-22-symbol — DONE (committed local-only on `wave-4-local/chunker-22-symbol`, commit 6ff2824)  ### Files created (in `chunker-22-symbol/` after deleting stub `problem.py`): - `chunker_22_symb
877c121c-f5fd-4efe-9daf-08aa948c753f	2026-05-07T12:50:17.378Z	team-lead	"{""type"": ""shutdown_response"", ""request_id"": ""shutdown-1778158197883@chunker-22-symbol-builder"", ""approve"": true}"
892d5bcf-39ce-4f40-bbd1-f565fcf46d09	2026-05-07T17:18:35.324Z	team-lead	**compete-to-compute** stub complete on `wave-9-local/compete-to-compute` (commit `97fb8d2`, local only, not pushed).  **Method.** Pure-numpy 2-hidden-layer MLP with two activation rules: ReLU (baseli
892d5bcf-39ce-4f40-bbd1-f565fcf46d09	2026-05-07T17:22:47.104Z	team-lead	"{""type"": ""shutdown_response"", ""request_id"": ""shutdown-1778174563145@compete-to-compute-builder"", ""approve"": true}"
93c9fa4b-7dcd-4a17-b669-40a81ce4bf95	2026-05-07T00:41:42.742Z	team-lead	**levin-count-inputs: done & pushed** (branch `impl/levin-count-inputs`, commit `becfd4b`).  **Files** - `levin-count-inputs/levin_count_inputs.py` — DSL VM + Levin search loop + train/test eval, CLI 
93c9fa4b-7dcd-4a17-b669-40a81ce4bf95	2026-05-07T01:29:13.331Z	team-lead	"{""type"": ""shutdown_response"", ""request_id"": ""shutdown-1778117345706@levin-count-inputs-builder"", ""approve"": true}"
97b5b8d1-af82-432e-b42e-be1269fc3e86	2026-05-06T23:43:10.935Z	team-lead	**nbb-xor — done.** Branch `impl/nbb-xor` pushed to origin. Did NOT open a PR.  **✅ Files produced** (in `nbb-xor/`) - `nbb_xor.py` — 375 lines. NBB model + WTA + bucket-brigade rule + train loop + CL
97b5b8d1-af82-432e-b42e-be1269fc3e86	2026-05-07T00:18:59.370Z	team-lead	"{""type"": ""shutdown_response"", ""request_id"": ""shutdown-1778113132969@nbb-xor-builder"", ""approve"": true}"
9e1f7969-f3ba-4a14-9ea9-7aa909797d69	2026-05-03T15:33:50.232Z	team-lead	air-3d-primitives done. Branch pushed: impl/air-3d-primitives @ e8750ba. No PR opened (per wave-10 workflow).  ## Headline metrics (canonical 3-primitive run) - count_acc: 81.2 % - per-slot presence: 
9fba9968-85bf-4318-894d-f4b3ca2a46a4	2026-05-07T03:16:51.867Z	team-lead	ssa-bias-transfer-mazes — implementation complete. Branch `wave-3-local/ssa-bias-transfer-mazes`, commit `15f709e`. **Not pushed.**  ## Files (all in `ssa-bias-transfer-mazes/`) - `ssa_bias_transfer_m
9fba9968-85bf-4318-894d-f4b3ca2a46a4	2026-05-07T12:17:55.650Z	team-lead	"{""type"": ""shutdown_response"", ""request_id"": ""shutdown-1778156264738@ssa-bias-transfer-mazes-builder"", ""approve"": true}"
a0f500a4-f972-4e7d-b593-f0a2fc23d563	2026-05-02T16:50:50.526Z	team-lead	## rnn-pathological — DONE (branch pushed, no PR)  Branch `impl/rnn-pathological` pushed to `cybertronai/hinton-problems`. Commit: 6e46420.  ### Headline: ortho-init vs random-init gap  Identical hype
a0f500a4-f972-4e7d-b593-f0a2fc23d563	2026-05-02T16:53:18.455Z	team-lead	"{""type"": ""shutdown_response"", ""request_id"": ""shutdown-1777740791938@rnn-path-builder"", ""approve"": true}"
a1c28b16-c140-46a3-a2be-78d021d50357	2026-05-07T13:11:45.546Z	team-lead	**semilinear-pm-image-patches — DONE, committed locally on `wave-5-local/semilinear-pm-image-patches` (commit 5493f98). NOT pushed.**  Per Schmidhuber-Eldracher-Foltin (1996, NC 8(4)). Pure numpy + ma
a1c28b16-c140-46a3-a2be-78d021d50357	2026-05-07T13:16:30.659Z	team-lead	"{""type"": ""shutdown_response"", ""request_id"": ""shutdown-1778159785025@semilinear-pm-image-patches-builder"", ""approve"": true}"
a26925c4-542c-4e10-a13c-e7fb6c9c1884	2026-05-02T15:56:43.625Z	team-lead	random-dot-stereograms (Becker & Hinton 1992 Imax) — DONE.  **Branch pushed:** `impl/random-dot-stereograms` (commit f5385aa). PR NOT opened, issue NOT closed.  **Headline metrics (seed 0, README defa
a26925c4-542c-4e10-a13c-e7fb6c9c1884	2026-05-02T16:34:01.674Z	team-lead	"{""type"": ""shutdown_response"", ""request_id"": ""shutdown-1777739636152@rds-builder"", ""approve"": true}"
a30025c6-0a12-4abc-88a2-c0f8c552f639	2026-05-07T16:54:17.118Z	team-lead	pipe-6-bit-parity complete on `wave-8-local/pipe-6-bit-parity` (commit `d7b8eef`, local only, not pushed).  **Algorithmic faithfulness**: full PIPE per Salustowicz & Schmidhuber 1997 — PPT over `{AND,
a30025c6-0a12-4abc-88a2-c0f8c552f639	2026-05-07T16:54:46.001Z	team-lead	"Re-assignment of task #92 received, but the task is already complete from the prior turn — no rework needed.  State verified: - Branch `wave-8-local/pipe-6-bit-parity`, commit `d7b8eef` (""pipe-6-bit-p"
a30025c6-0a12-4abc-88a2-c0f8c552f639	2026-05-07T16:57:56.687Z	team-lead	"{""type"": ""shutdown_response"", ""request_id"": ""shutdown-1778173072533@pipe-6-bit-parity-builder"", ""approve"": true}"
a3e24b8b-7740-40ed-8283-381e37c49005	2026-05-07T13:05:54.240Z	team-lead	predictable-stereo (Wave 5) implemented per SPEC #1. Local commit b2de243 on `wave-5-local/predictable-stereo`. NOT PUSHED.  **Method.** Becker-Hinton 1992 IMAX two-net predictability MAXIMIZATION, th
a3e24b8b-7740-40ed-8283-381e37c49005	2026-05-07T13:16:28.936Z	team-lead	"{""type"": ""shutdown_response"", ""request_id"": ""shutdown-1778159785019@predictable-stereo-builder"", ""approve"": true}"
a7c69b06-4106-4cf7-820b-e0bdef588350	2026-05-07T17:58:45.542Z	team-lead	**upside-down-rl: DONE on `wave-10-local/upside-down-rl` (local commit only, NOT pushed)**  Commit: `12e2c49 upside-down-rl: implement UDRL on numpy chain-MDP, command-conditioned policy`  ## Headline
a7c69b06-4106-4cf7-820b-e0bdef588350	2026-05-07T18:08:18.024Z	team-lead	"{""type"": ""shutdown_response"", ""request_id"": ""shutdown-1778177292496@upside-down-rl-builder"", ""approve"": true}"
a8088d72-25db-4d2b-8656-58773e1e2f7c	2026-05-07T12:33:49.764Z	team-lead	Done. Implemented fast-weights-key-value per SPEC #1. Local commit 405f062 on `wave-4-local/fast-weights-key-value`. NOT pushed.  **Headline:** Slow projector `W_K` writes outer-product updates to fas
a8088d72-25db-4d2b-8656-58773e1e2f7c	2026-05-07T12:50:01.181Z	team-lead	"{""type"": ""shutdown_response"", ""request_id"": ""shutdown-1778158197917@fast-weights-key-value-builder"", ""approve"": true}"
a914b159-9520-4ecb-8dbf-96f9d1d976ce	2026-05-08T14:44:03.440Z	team-lead	## world-models-vizdoom-dream — done  **Branch:** `wave-11-local/world-models-vizdoom-dream` (1 commit `f5b5f6d`, local only, NOT pushed). `problem.py` removed.  ### Files (8 committed under `world-mo
a914b159-9520-4ecb-8dbf-96f9d1d976ce	2026-05-08T14:49:51.064Z	team-lead	"{""type"": ""shutdown_response"", ""request_id"": ""shutdown-1778251783215@world-models-vizdoom-dream-builder"", ""approve"": true}"
a949ea5b-a53c-4ba9-9d83-336e7f776e16	2026-05-02T20:16:30.266Z	team-lead	ff-recurrent-mnist done. Branch `impl/ff-recurrent-mnist` pushed (commit 23baeaa); no PR opened.  **Result:** 10.66% test error (89.34% accuracy) on full 10k MNIST test set. Paper reports 1.31%. Repro
a949ea5b-a53c-4ba9-9d83-336e7f776e16	2026-05-02T20:17:42.645Z	team-lead	"{""type"": ""shutdown_response"", ""request_id"": ""shutdown-1777753055329@ff-recurrent-builder"", ""approve"": true}"
abf57364-5ae0-48e6-a591-d88afc36bc90	2026-05-07T13:30:54.584Z	team-lead	"temporal-order-3bit (wave-6) is implemented, verified, and committed locally. Did NOT push.  **Headline:** ""LSTM solves 4-class temporal-order in ≈6,400 sequences (median, 5 seeds); vanilla tanh-RNN o"
abf57364-5ae0-48e6-a591-d88afc36bc90	2026-05-07T14:34:25.639Z	team-lead	"{""type"": ""shutdown_response"", ""request_id"": ""shutdown-1778164461442@temporal-order-3bit-builder"", ""approve"": true}"
acf97635-686c-4233-a10b-86c44c2173a8	2026-05-07T13:05:42.536Z	team-lead	**predictability-min-binary-factors — DONE (local commit, NOT pushed)**  Branch `wave-5-local/predictability-min-binary-factors` @ `bf639a6` (1 commit ahead of `origin/main`).  ## Files - `predictabil
acf97635-686c-4233-a10b-86c44c2173a8	2026-05-07T13:16:30.590Z	team-lead	"{""type"": ""shutdown_response"", ""request_id"": ""shutdown-1778159785006@predictability-min-binary-factors-builder"", ""approve"": true}"
afa5bb94-9c4a-4334-ac2e-122ea86445e4	2026-05-02T20:33:30.439Z	team-lead	vowel-mixture-experts done. Branch `impl/vowel-mixture-experts` pushed (commit 1412fa7). No PR opened per wave-8 protocol.  ## Headline (Jacobs et al. 1991, MoE on Peterson-Barney F1/F2) Real Peterson
afa5bb94-9c4a-4334-ac2e-122ea86445e4	2026-05-02T21:10:57.754Z	team-lead	"{""type"": ""shutdown_response"", ""request_id"": ""shutdown-1777756251638@vowel-builder"", ""approve"": true}"
b0fdc1f1-899b-4b7a-92f6-c9810e7d5186	2026-05-07T02:13:09.958Z	team-lead	**pole-balance-markov-vac: DONE, committed local on `wave-2-local/pole-balance-markov-vac` (commit 70d8875). NOT pushed.**  ## Files added - `pole-balance-markov-vac/pole_balance_markov_vac.py` (numpy
b0fdc1f1-899b-4b7a-92f6-c9810e7d5186	2026-05-07T02:34:31.355Z	team-lead	"{""type"": ""shutdown_response"", ""request_id"": ""shutdown-1778121263997@pole-balance-markov-vac-builder"", ""approve"": true}"
cdb3afe3-cfb3-4942-a855-b81480e4df44	2026-05-02T16:45:57.418Z	team-lead	spline-images-factorial-vq: DONE. Branch `impl/spline-images-factorial-vq` pushed to origin (commit 8eaa79d). No PR opened, no issue closed.  ## Headline DL numbers (seed 0, 200 images, 800 epochs, σ_
cdb3afe3-cfb3-4942-a855-b81480e4df44	2026-05-02T16:53:20.669Z	team-lead	"{""type"": ""shutdown_response"", ""request_id"": ""shutdown-1777740791888@spline-builder"", ""approve"": true}"
d23ade07-c2a1-4da3-9ae0-3b30e8658728	2026-05-07T14:55:34.140Z	team-lead	**anbn-anbncn complete (wave-7-local/anbn-anbncn, NOT pushed)**  Commit: `9b91063` — 12 files, +1046/-24 LOC.  **Headline (seed 1, M-series CPU, 35 s total):** - a^n b^n  (h=2, 4000 steps, Adam lr=0.0
d23ade07-c2a1-4da3-9ae0-3b30e8658728	2026-05-07T15:29:10.222Z	team-lead	"{""type"": ""shutdown_response"", ""request_id"": ""shutdown-1778167745600@anbn-anbncn-builder"", ""approve"": true}"
d2f9059e-9993-4c17-b88f-6e7865157890	2026-05-07T15:44:08.872Z	team-lead	**pipe-symbolic-regression — DONE, committed locally on `wave-8-local/pipe-symbolic-regression`, NOT pushed.**  ## Headline Seed 3, ~1.3 s on M-series, pop=100, max-depth=6, function set {+,−,*,/}: - 
d2f9059e-9993-4c17-b88f-6e7865157890	2026-05-07T16:58:05.883Z	team-lead	"{""type"": ""shutdown_response"", ""request_id"": ""shutdown-1778173072523@pipe-symbolic-regression-builder"", ""approve"": true}"
d47af190-78d9-43ca-8751-564beec7fa15	2026-05-07T17:55:56.535Z	team-lead	**neural-em-shapes** — DONE on branch `wave-10-local/neural-em-shapes` (LOCAL, not pushed). Commit `9719a66`.  ## Headline result - **best test NMI 0.428 @ epoch 7** (chance ≈ 0.33 for 3 shapes, foreg
d47af190-78d9-43ca-8751-564beec7fa15	2026-05-07T18:08:17.206Z	team-lead	"{""type"": ""shutdown_response"", ""request_id"": ""shutdown-1778177292449@neural-em-shapes-builder"", ""approve"": true}"
d8369e94-15b2-4124-98f6-d8d96a0ce912	2026-05-08T14:16:08.932Z	team-lead	**iam-handwriting**: complete. Committed locally on `wave-11-local/iam-handwriting` (commit `6cc9107`). NOT PUSHED.  **Approach** (synthetic-data deviation per SPEC, same pattern as upside-down-rl): -
d8369e94-15b2-4124-98f6-d8d96a0ce912	2026-05-08T14:49:51.158Z	team-lead	"{""type"": ""shutdown_response"", ""request_id"": ""shutdown-1778251783165@iam-handwriting-builder"", ""approve"": true}"
d8af4bb0-1435-4528-a5da-ac91c30b7bcb	2026-05-02T06:06:25.784Z	xor-builder	"{""type"": ""shutdown_request"", ""reason"": ""Wave 0 complete. PR #3 verified. Wave 1 will spawn fresh per-stub teammates with stub-named identities for cleaner naming. Thanks for the clean run."", ""request_"
d8af4bb0-1435-4528-a5da-ac91c30b7bcb	2026-05-02T09:20:04.511Z	n-bit-parity-builder	"{""type"": ""shutdown_request"", ""reason"": ""Wave 1 done. Wave 2 spawns fresh per-stub teammates."", ""request_id"": ""wave1-shutdown-nbp""}"
d8af4bb0-1435-4528-a5da-ac91c30b7bcb	2026-05-02T09:20:06.111Z	symmetry-builder	"{""type"": ""shutdown_request"", ""reason"": ""Wave 1 done. Wave 2 spawns fresh per-stub teammates."", ""request_id"": ""wave1-shutdown-sym""}"
d8af4bb0-1435-4528-a5da-ac91c30b7bcb	2026-05-02T09:20:08.162Z	negation-builder	"{""type"": ""shutdown_request"", ""reason"": ""Wave 1 done. Wave 2 spawns fresh per-stub teammates."", ""request_id"": ""wave1-shutdown-neg""}"
d8af4bb0-1435-4528-a5da-ac91c30b7bcb	2026-05-02T13:46:24.472Z	binary-addition-builder	"{""type"": ""shutdown_request"", ""reason"": ""Wave 2 done. Wave 3 spawns fresh teammates."", ""request_id"": ""w2-shutdown-ba""}"
d8af4bb0-1435-4528-a5da-ac91c30b7bcb	2026-05-02T13:46:26.378Z	encoder-3-parity-builder	"{""type"": ""shutdown_request"", ""reason"": ""Wave 2 done. Wave 3 spawns fresh teammates."", ""request_id"": ""w2-shutdown-e3p""}"
d8af4bb0-1435-4528-a5da-ac91c30b7bcb	2026-05-02T13:46:27.969Z	encoder-4-3-4-builder	"{""type"": ""shutdown_request"", ""reason"": ""Wave 2 done. Wave 3 spawns fresh teammates."", ""request_id"": ""w2-shutdown-e434""}"
d8af4bb0-1435-4528-a5da-ac91c30b7bcb	2026-05-02T13:46:29.969Z	encoder-8-3-8-builder	"{""type"": ""shutdown_request"", ""reason"": ""Wave 2 done. Wave 3 spawns fresh teammates."", ""request_id"": ""w2-shutdown-e838""}"
d8af4bb0-1435-4528-a5da-ac91c30b7bcb	2026-05-02T13:46:31.735Z	encoder-bp-builder	"{""type"": ""shutdown_request"", ""reason"": ""Wave 2 done. Wave 3 spawns fresh teammates."", ""request_id"": ""w2-shutdown-ebp""}"
d8af4bb0-1435-4528-a5da-ac91c30b7bcb	2026-05-02T14:45:42.893Z	shifter-builder	"{""type"": ""shutdown_request"", ""reason"": ""Wave 3 done. Wave 4 spawns fresh teammates."", ""request_id"": ""w3-shutdown-shifter""}"
d8af4bb0-1435-4528-a5da-ac91c30b7bcb	2026-05-02T14:45:44.639Z	tc-builder	"{""type"": ""shutdown_request"", ""reason"": ""Wave 3 done. Wave 4 spawns fresh teammates."", ""request_id"": ""w3-shutdown-tc""}"
d8af4bb0-1435-4528-a5da-ac91c30b7bcb	2026-05-02T14:45:46.495Z	encoder-40-10-40-builder	"{""type"": ""shutdown_request"", ""reason"": ""Wave 3 done. Wave 4 spawns fresh teammates."", ""request_id"": ""w3-shutdown-e40""}"
d8af4bb0-1435-4528-a5da-ac91c30b7bcb	2026-05-02T14:45:48.111Z	grapheme-sememe-builder	"{""type"": ""shutdown_request"", ""reason"": ""Wave 3 done."", ""request_id"": ""w3-shutdown-gs""}"
d8af4bb0-1435-4528-a5da-ac91c30b7bcb	2026-05-02T14:45:49.317Z	rsr-builder	"{""type"": ""shutdown_request"", ""reason"": ""Wave 3 done."", ""request_id"": ""w3-shutdown-rsr""}"
d8af4bb0-1435-4528-a5da-ac91c30b7bcb	2026-05-02T14:45:51.089Z	d2l-bottleneck-builder	"{""type"": ""shutdown_request"", ""reason"": ""Wave 3 done."", ""request_id"": ""w3-shutdown-d2l""}"
d8af4bb0-1435-4528-a5da-ac91c30b7bcb	2026-05-02T15:39:50.307Z	seq-lookup-builder	"{""type"": ""shutdown_request"", ""reason"": ""Wave 4 done."", ""request_id"": ""w4-shutdown-seq""}"
d8af4bb0-1435-4528-a5da-ac91c30b7bcb	2026-05-02T15:39:51.694Z	family-trees-builder	"{""type"": ""shutdown_request"", ""reason"": ""Wave 4 done."", ""request_id"": ""w4-shutdown-ft""}"
d8af4bb0-1435-4528-a5da-ac91c30b7bcb	2026-05-02T15:39:53.210Z	riser-builder	"{""type"": ""shutdown_request"", ""reason"": ""Wave 4 done."", ""request_id"": ""w4-shutdown-rs""}"
d8af4bb0-1435-4528-a5da-ac91c30b7bcb	2026-05-02T15:39:54.354Z	fwr-builder	"{""type"": ""shutdown_request"", ""reason"": ""Wave 4 done."", ""request_id"": ""w4-shutdown-fwr""}"
d8af4bb0-1435-4528-a5da-ac91c30b7bcb	2026-05-02T15:39:55.874Z	bars-builder	"{""type"": ""shutdown_request"", ""reason"": ""Wave 4 done."", ""request_id"": ""w4-shutdown-bars""}"
d8af4bb0-1435-4528-a5da-ac91c30b7bcb	2026-05-02T15:39:57.310Z	bars-rbm-builder	"{""type"": ""shutdown_request"", ""reason"": ""Wave 4 done."", ""request_id"": ""w4-shutdown-brbm""}"
d8af4bb0-1435-4528-a5da-ac91c30b7bcb	2026-05-02T16:33:48.581Z	d3d-builder	"{""type"": ""shutdown_request"", ""reason"": ""Wave 5 done."", ""request_id"": ""w5-shutdown-d3d""}"
d8af4bb0-1435-4528-a5da-ac91c30b7bcb	2026-05-02T16:33:50.086Z	rds-builder	"{""type"": ""shutdown_request"", ""reason"": ""Wave 5 done."", ""request_id"": ""w5-shutdown-rds""}"
d8af4bb0-1435-4528-a5da-ac91c30b7bcb	2026-05-02T16:33:51.660Z	dww-builder	"{""type"": ""shutdown_request"", ""reason"": ""Wave 5 done."", ""request_id"": ""w5-shutdown-dww""}"
d8af4bb0-1435-4528-a5da-ac91c30b7bcb	2026-05-02T16:33:53.194Z	dpos-builder	"{""type"": ""shutdown_request"", ""reason"": ""Wave 5 done."", ""request_id"": ""w5-shutdown-dpos""}"
d8af4bb0-1435-4528-a5da-ac91c30b7bcb	2026-05-02T16:33:54.431Z	hms-builder	"{""type"": ""shutdown_request"", ""reason"": ""Wave 5 done."", ""request_id"": ""w5-shutdown-hms""}"
d8af4bb0-1435-4528-a5da-ac91c30b7bcb	2026-05-02T16:33:56.060Z	fwar-builder	"{""type"": ""shutdown_request"", ""reason"": ""Wave 5 done."", ""request_id"": ""w5-shutdown-fwar""}"
d8af4bb0-1435-4528-a5da-ac91c30b7bcb	2026-05-02T16:52:57.446Z	spline-builder	"{""type"": ""shutdown_request"", ""reason"": ""Wave 6 done. v1 complete."", ""request_id"": ""w6-shutdown-spline""}"
d8af4bb0-1435-4528-a5da-ac91c30b7bcb	2026-05-02T16:52:58.982Z	bb3-builder	"{""type"": ""shutdown_request"", ""reason"": ""Wave 6 done. v1 complete."", ""request_id"": ""w6-shutdown-bb3""}"
d8af4bb0-1435-4528-a5da-ac91c30b7bcb	2026-05-02T16:53:00.537Z	tpairs-builder	"{""type"": ""shutdown_request"", ""reason"": ""Wave 6 done. v1 complete."", ""request_id"": ""w6-shutdown-tp""}"
d8af4bb0-1435-4528-a5da-ac91c30b7bcb	2026-05-02T16:53:02.020Z	ellipse-builder	"{""type"": ""shutdown_request"", ""reason"": ""Wave 6 done. v1 complete."", ""request_id"": ""w6-shutdown-ell""}"
d8af4bb0-1435-4528-a5da-ac91c30b7bcb	2026-05-02T16:53:03.547Z	rnn-path-builder	"{""type"": ""shutdown_request"", ""reason"": ""Wave 6 done. v1 complete."", ""request_id"": ""w6-shutdown-rnn""}"
d8af4bb0-1435-4528-a5da-ac91c30b7bcb	2026-05-02T16:53:04.833Z	bb2-builder	"{""type"": ""shutdown_request"", ""reason"": ""Wave 6 done. v1 complete."", ""request_id"": ""w6-shutdown-bb2""}"
d8af4bb0-1435-4528-a5da-ac91c30b7bcb	2026-05-02T20:17:19.851Z	omitted3-builder	"{""type"": ""shutdown_request"", ""reason"": ""Wave 7 done."", ""request_id"": ""w7-shutdown-om3""}"
d8af4bb0-1435-4528-a5da-ac91c30b7bcb	2026-05-02T20:17:21.342Z	subclass-builder	"{""type"": ""shutdown_request"", ""reason"": ""Wave 7 done."", ""request_id"": ""w7-shutdown-sc""}"
d8af4bb0-1435-4528-a5da-ac91c30b7bcb	2026-05-02T20:17:22.547Z	ff-label-builder	"{""type"": ""shutdown_request"", ""reason"": ""Wave 7 done."", ""request_id"": ""w7-shutdown-ffl""}"
d8af4bb0-1435-4528-a5da-ac91c30b7bcb	2026-05-02T20:17:24.043Z	tae-builder	"{""type"": ""shutdown_request"", ""reason"": ""Wave 7 done."", ""request_id"": ""w7-shutdown-tae""}"
d8af4bb0-1435-4528-a5da-ac91c30b7bcb	2026-05-02T20:17:25.576Z	ff-hybrid-builder	"{""type"": ""shutdown_request"", ""reason"": ""Wave 7 done."", ""request_id"": ""w7-shutdown-ffh""}"
d8af4bb0-1435-4528-a5da-ac91c30b7bcb	2026-05-02T20:17:26.904Z	ff-recurrent-builder	"{""type"": ""shutdown_request"", ""reason"": ""Wave 7 done."", ""request_id"": ""w7-shutdown-ffr""}"
d8af4bb0-1435-4528-a5da-ac91c30b7bcb	2026-05-02T21:10:37.758Z	vowel-builder	"{""type"": ""shutdown_request"", ""reason"": ""Wave 8 done."", ""request_id"": ""w8-shutdown-vowel""}"
d8af4bb0-1435-4528-a5da-ac91c30b7bcb	2026-05-02T21:10:38.812Z	constellations-builder	"{""type"": ""shutdown_request"", ""reason"": ""Wave 8 done."", ""request_id"": ""w8-shutdown-cons""}"
d8af4bb0-1435-4528-a5da-ac91c30b7bcb	2026-05-02T21:10:40.416Z	aesop-builder	"{""type"": ""shutdown_request"", ""reason"": ""Wave 8 done."", ""request_id"": ""w8-shutdown-aes""}"
d8af4bb0-1435-4528-a5da-ac91c30b7bcb	2026-05-02T21:10:41.855Z	sunspots-builder	"{""type"": ""shutdown_request"", ""reason"": ""Wave 8 done."", ""request_id"": ""w8-shutdown-sun""}"
d8af4bb0-1435-4528-a5da-ac91c30b7bcb	2026-05-02T21:10:43.388Z	ff-cifar-builder	"{""type"": ""shutdown_request"", ""reason"": ""Wave 8 done."", ""request_id"": ""w8-shutdown-cifar""}"
d8af4bb0-1435-4528-a5da-ac91c30b7bcb	2026-05-02T21:10:44.480Z	glimpse-builder	"{""type"": ""shutdown_request"", ""reason"": ""Wave 8 done."", ""request_id"": ""w8-shutdown-gl""}"
d8af4bb0-1435-4528-a5da-ac91c30b7bcb	2026-05-03T04:20:58.093Z	lambertian-builder	"{""type"": ""shutdown_request"", ""reason"": ""Wave 9 done. v1 at 94%."", ""request_id"": ""w9-shutdown-lam""}"
d8af4bb0-1435-4528-a5da-ac91c30b7bcb	2026-05-03T04:20:59.705Z	catch-builder	"{""type"": ""shutdown_request"", ""reason"": ""Wave 9 done. v1 at 94%."", ""request_id"": ""w9-shutdown-catch""}"
d8af4bb0-1435-4528-a5da-ac91c30b7bcb	2026-05-03T04:21:00.819Z	geo-flow-builder	"{""type"": ""shutdown_request"", ""reason"": ""Wave 9 done. v1 at 94%."", ""request_id"": ""w9-shutdown-gf""}"
d8af4bb0-1435-4528-a5da-ac91c30b7bcb	2026-05-03T04:21:02.424Z	affnist-builder	"{""type"": ""shutdown_request"", ""reason"": ""Wave 9 done. v1 at 94%."", ""request_id"": ""w9-shutdown-aff""}"
d8af4bb0-1435-4528-a5da-ac91c30b7bcb	2026-05-03T04:21:03.783Z	multimnist-builder	"{""type"": ""shutdown_request"", ""reason"": ""Wave 9 done. v1 at 94%."", ""request_id"": ""w9-shutdown-mm""}"
d8af4bb0-1435-4528-a5da-ac91c30b7bcb	2026-05-03T22:56:58.653Z	air-3d-builder	"{""type"": ""shutdown_request"", ""reason"": ""v1 complete 53/53."", ""request_id"": ""w10-shutdown-air3d""}"
d8af4bb0-1435-4528-a5da-ac91c30b7bcb	2026-05-03T22:57:00.191Z	air-mm-builder	"{""type"": ""shutdown_request"", ""reason"": ""v1 complete 53/53."", ""request_id"": ""w10-shutdown-airmm""}"
d8af4bb0-1435-4528-a5da-ac91c30b7bcb	2026-05-03T22:57:01.510Z	smallnorb-rebuilder	"{""type"": ""shutdown_request"", ""reason"": ""v1 complete 53/53."", ""request_id"": ""w10-shutdown-smallnorb""}"
d9c3df21-69b9-4642-9780-477958cb1b10	2026-05-07T17:10:02.957Z	team-lead	**highway-networks: implemented and committed locally (NOT pushed).**  Branch: `wave-9-local/highway-networks` @ `b31a05b`, 1 commit ahead of origin/main. Worktree: `/Users/yadkonrad/dev_dev/year26/ma
d9c3df21-69b9-4642-9780-477958cb1b10	2026-05-07T17:22:46.640Z	team-lead	"{""type"": ""shutdown_response"", ""request_id"": ""shutdown-1778174563157@highway-networks-builder"", ""approve"": true}"
dd28aeac-7dfc-4c90-bfa5-99ca5540d6da	2026-05-02T15:13:06.742Z	team-lead	fast-weights-rehearsal stub done. Branch `impl/fast-weights-rehearsal` pushed to cybertronai/hinton-problems. No PR opened.  ## Headline Linear associator (dim=50) with slow plastic + fast elastic-dec
dd28aeac-7dfc-4c90-bfa5-99ca5540d6da	2026-05-02T15:40:03.155Z	team-lead	"{""type"": ""shutdown_response"", ""request_id"": ""shutdown-1777736397419@fwr-builder"", ""approve"": true}"
ddee1714-bf0a-420f-9fac-6d170d7ed314	2026-05-03T15:38:41.136Z	team-lead	**air-multimnist done.** Branch `impl/air-multimnist` pushed (commit `1323896`). No PR opened.  ## Results - **Best val count accuracy: 0.797** (chance=0.333, target=0.50). Per-class: count=0 → 1.000 
ddee1714-bf0a-420f-9fac-6d170d7ed314	2026-05-03T15:38:49.199Z	team-lead	**air-multimnist done.** Branch `impl/air-multimnist` pushed (commit `1323896`). No PR opened.  ## Results - **Best val count accuracy: 0.797** (chance=0.333, target=0.50). Per-class: count=0 → 1.000 
e1e5296e-bc0f-4985-98c2-0fb48b18276a	2026-05-07T02:26:44.790Z	team-lead	saccadic-target-detection — DONE, local commit `368113e` on `wave-2-local/saccadic-target-detection` (NOT pushed).  ## Files committed - `saccadic-target-detection/saccadic_target_detection.py` (~600 
e1e5296e-bc0f-4985-98c2-0fb48b18276a	2026-05-07T02:34:27.722Z	team-lead	"{""type"": ""shutdown_response"", ""request_id"": ""shutdown-1778121264005@saccadic-target-detection-builder"", ""approve"": true}"
e2c1d1be-3ae4-4684-9cf4-523320b663ff	2026-05-02T20:35:10.698Z	team-lead	constellations stub complete — `impl/constellations` pushed to origin (commit 1aaba6f). PR NOT opened per wave-8 workflow.  ## Headline numbers - **Per-point recovery accuracy (permutation-invariant):
e2c1d1be-3ae4-4684-9cf4-523320b663ff	2026-05-02T21:10:57.120Z	team-lead	"{""type"": ""shutdown_response"", ""request_id"": ""shutdown-1777756251661@constellations-builder"", ""approve"": true}"
ebb138fd-b4e3-44ab-86f0-e9b4888d1c92	2026-05-07T02:24:45.582Z	team-lead	**pole-balance-non-markov** — done. Local commit `15606b4` on `wave-2-local/pole-balance-non-markov` (NOT pushed).  ## Files - `pole-balance-non-markov/pole_balance_non_markov.py` (env + recurrent M a
ebb138fd-b4e3-44ab-86f0-e9b4888d1c92	2026-05-07T02:34:31.669Z	team-lead	"{""type"": ""shutdown_response"", ""request_id"": ""shutdown-1778121263984@pole-balance-non-markov-builder"", ""approve"": true}"
efeca2d3-d785-4cbe-ae87-8b2ff93516b3	2026-05-02T19:58:24.198Z	team-lead	`mnist-2x5-subclass` complete. Branch `impl/mnist-2x5-subclass` pushed (commit 3276059). No PR opened per wave-7 workflow.  Results (Mueller, Kornblith & Hinton 2020 — Subclass Distillation): - Teache
efeca2d3-d785-4cbe-ae87-8b2ff93516b3	2026-05-02T20:17:45.327Z	team-lead	"{""type"": ""shutdown_response"", ""request_id"": ""shutdown-1777753055291@subclass-builder"", ""approve"": true}"
f151c463-88cd-4dcf-80aa-0d8afc6ea4e5	2026-05-07T13:31:59.940Z	team-lead	**two-sequence-noise — DONE (committed locally, NOT pushed).**  Branch: `wave-6-local/two-sequence-noise` (1 commit ahead of origin/main). Commit: `5c30ecc two-sequence-noise: implement LSTM-1997 Expe
f151c463-88cd-4dcf-80aa-0d8afc6ea4e5	2026-05-07T14:34:31.684Z	team-lead	"{""type"": ""shutdown_response"", ""request_id"": ""shutdown-1778164461424@two-sequence-noise-builder"", ""approve"": true}"
f579f31f-8b65-4e31-8627-c1a40a6ab12d	2026-05-08T14:12:36.798Z	team-lead	**world-models-carracing — DONE (local commit, NOT pushed)**  Branch `wave-11-local/world-models-carracing`, commit `5443dbd`.  **Numpy 2-D track substitute for CarRacing-v0** (per SPEC #1 RL-stub rul
f579f31f-8b65-4e31-8627-c1a40a6ab12d	2026-05-08T14:12:46.629Z	team-lead	**world-models-carracing — DONE (local commit, NOT pushed)**  Branch `wave-11-local/world-models-carracing`, commit `5443dbd`.  **Numpy 2-D track substitute for CarRacing-v0** (per SPEC #1 RL-stub rul
f579f31f-8b65-4e31-8627-c1a40a6ab12d	2026-05-08T14:49:55.524Z	team-lead	"{""type"": ""shutdown_response"", ""request_id"": ""shutdown-1778251783207@world-models-carracing-builder"", ""approve"": true}"
fa7b01a0-110d-4f4f-9dc7-12381b7ec78b	2026-05-07T01:23:43.034Z	team-lead	**rs-parity** implemented and pushed to `impl/rs-parity`. Did NOT open a PR (per instructions).  ## File list (`rs-parity/`) - `rs_parity.py` (14 KB) — dataset + tanh RNN forward + RS loop + CLI; pure
fa7b01a0-110d-4f4f-9dc7-12381b7ec78b	2026-05-07T01:29:11.296Z	team-lead	"{""type"": ""shutdown_response"", ""request_id"": ""shutdown-1778117345677@rs-parity-builder"", ""approve"": true}"
fae4c712-2198-4120-8ccc-ebf36c822e09	2026-05-07T13:27:12.124Z	team-lead	multiplication-problem (wave-6) **done**, committed locally on `wave-6-local/multiplication-problem` (commit `4f67c86`). NOT pushed.  **Reproduces:** **yes** at reduced T. - Paper (H&S 1997 Exp 5): MS
fae4c712-2198-4120-8ccc-ebf36c822e09	2026-05-07T14:34:28.104Z	team-lead	"{""type"": ""shutdown_response"", ""request_id"": ""shutdown-1778164461435@multiplication-problem-builder"", ""approve"": true}"
fcc897b2-90b6-44b5-8d8c-e409c79ed94d	2026-05-07T14:51:55.582Z	team-lead	**`blues-improvisation` complete on `wave-7-local/blues-improvisation` (committed locally, NOT pushed).**  Headline (seed 0, 200 epochs, ~3s on M-series CPU): - bar-onset chord match: **12/12** (deter
fcc897b2-90b6-44b5-8d8c-e409c79ed94d	2026-05-07T15:29:10.466Z	team-lead	"{""type"": ""shutdown_response"", ""request_id"": ""shutdown-1778167745619@blues-improvisation-builder"", ""approve"": true}"
fd3fcd80-1ad1-4011-a7db-4b1107ce0080	2026-05-07T02:18:48.830Z	team-lead	flip-flop stub complete on `wave-2-local/flip-flop` (local commit `67c84a3`, NOT pushed).  **Files (all under `flip-flop/`):** - `flip_flop.py` (22 KB) — Controller C + world-model M, BPTT for both, t
fd3fcd80-1ad1-4011-a7db-4b1107ce0080	2026-05-07T02:34:34.692Z	team-lead	"{""type"": ""shutdown_response"", ""request_id"": ""shutdown-1778121263976@flip-flop-builder"", ""approve"": true}"
fd44dc7c-7032-4ac1-8727-3eeb4f197ea2	2026-05-07T17:11:47.446Z	team-lead	**mcdnn-image-bench: DONE.** Local commit `fecdf19` on `wave-9-local/mcdnn-image-bench`. Not pushed.  **Headline result:** 1.46% MNIST test error, single-column deep MLP, seed 0, 12 epochs, 22.2 s on 
fd44dc7c-7032-4ac1-8727-3eeb4f197ea2	2026-05-07T17:11:54.867Z	team-lead	**mcdnn-image-bench: DONE.** Local commit `fecdf19` on `wave-9-local/mcdnn-image-bench`. Not pushed.  **Headline result:** 1.46% MNIST test error, single-column deep MLP, seed 0, 12 epochs, 22.2 s on 
fd44dc7c-7032-4ac1-8727-3eeb4f197ea2	2026-05-07T17:22:46.786Z	team-lead	"{""type"": ""shutdown_response"", ""request_id"": ""shutdown-1778174563135@mcdnn-image-bench-builder"", ""approve"": true}"
